{
	"format_version": "1.8.0",
	"animations": {
		"animation.mudskipper.hide_sail": {
			"loop": "hold_on_last_frame",
			"animation_length": 0.16667,
			"bones": {
				"sail": {
					"rotation": {
						"0.0": [0, 0, 0],
						"0.1667": [-90, 0, 0]
					},
					"scale": {
						"0.0": [1, 1, 1],
						"0.1667": [1, 1, 0]
					}
				}
			}
		},
		"animation.mudskipper.show_sail": {
			"loop": "hold_on_last_frame",
			"animation_length": 0.16667,
			"bones": {
				"sail": {
					"rotation": {
						"0.0": [-90, 0, 0],
						"0.1667": [0, 0, 0]
					},
					"scale": {
						"0.0": [1, 1, 0],
						"0.1667": [1, 1, 1]
					}
				}
			}
		},
		"animation.mudskipper.swim": {
			"anim_time_update": "query.modified_distance_moved/4",
			"loop": true,
			"animation_length": 0.33333,
			"bones": {
				"head": {
					"rotation": {
						"0.0": [0, -2.5, 0],
						"0.1667": [0, 2.5, 0],
						"0.3333": [0, -2.5, 0]
					}
				},
				"tailfin": {
					"rotation": {
						"0.0": [0, 15, 0],
						"0.1667": [0, -15, 0],
						"0.3333": [0, 15, 0]
					}
				},
				"tail": {
					"rotation": {
						"0.0": [0, 7.5, 0],
						"0.1667": [0, -7.5, 0],
						"0.3333": [0, 7.5, 0]
					}
				},
				"fin": {
					"rotation": [0, 35, 0]
				},
				"fin2": {
					"rotation": [0, -35, 0]
				}
			}
		},
		"animation.mudskipper.skip": {
			"animation_length": 0.79167,
			"bones": {
				"head": {
					"rotation": {
						"0.0": [0, 0, 0],
						"0.125": [0, -7.5, 0],
						"0.2083": [-10.18776, -20.74583, -15.60319],
						"0.2917": [2.64994, -42.90481, -48.88376],
						"0.4583": [-51.52496, -53.06528, -2.20386],
						"0.5833": [-0.6782, -17.4852, 2.6187],
						"0.7917": [0, 0, 0]
					},
					"position": {
						"0.0": [0, 0, 0],
						"0.2083": [0, 2, 0],
						"0.2917": [0, 3, 0],
						"0.4583": [0, 12, 0],
						"0.7917": {
							"pre": [0, 0, 0],
							"post": [0, 0, 0],
							"lerp_mode": "catmullrom"
						}
					}
				},
				"tailfin": {
					"rotation": {
						"0.0": [0, 0, 0],
						"0.125": [-3.61644, 19.6835, -10.62758],
						"0.2083": [-3.40742, 2.21583, -9.53994],
						"0.7917": [0, 0, 0]
					}
				},
				"tail": {
					"rotation": {
						"0.0": [0, 0, 0],
						"0.125": [-5.22206, 34.65749, -9.13039],
						"0.2083": [-4.49544, 17.21906, -7.48845],
						"0.2917": [-6.0366, 44.60976, -10.40249],
						"0.4583": [-4.74944, -4.82104, -0.75891],
						"0.7917": [0, 0, 0]
					}
				},
				"body": {
					"rotation": {
						"0.0": [0, 0, 0],
						"0.125": [0, -17.5, 0],
						"0.2083": [0, 0, 0],
						"0.2917": [-0.68831, -19.98504, 2.65017],
						"0.4583": [-0.64686, 0.01363, 2.41476],
						"0.7917": [0, 0, 0]
					}
				},
				"fin": {
					"rotation": {
						"0.0": [0, 0, 0],
						"0.7917": [0, 0, 0]
					}
				},
				"fin2": {
					"rotation": {
						"0.0": [0, 0, 0],
						"0.7917": [0, 0, 0]
					}
				}
			}
		},
		"animation.mudskipper.walk": {
			"anim_time_update": "query.modified_distance_moved/4",
			"loop": true,
			"animation_length": 0.33333,
			"bones": {
				"head": {
					"rotation": {
						"0.0": [0, 0, 0],
						"0.1667": [-5, 0, 0],
						"0.25": [0, 0, 0]
					}
				},
				"fin": {
					"rotation": {
						"0.0": [0, 0, 0],
						"0.1667": [-5.7632, 24.3683, -13.74538],
						"0.3333": [0, 0, 0]
					}
				},
				"fin2": {
					"rotation": {
						"0.0": [0, 0, 0],
						"0.1667": [-5.7632, -24.3683, 13.74538],
						"0.3333": [0, 0, 0]
					}
				},
				"root": {
					"position": {
						"0.0": [0, 0, 0],
						"0.1667": [0, 0.75, 0],
						"0.3333": [0, 0, 0]
					}
				}
			}
		}
	}
}